Record ID,Close Date,Last Contract Update
349810082495,2026-12-25,2026-09-19
349916960474,2026-12-05,2026-09-22
349920632552,2026-10-08,2026-09-23
349810082496,2026-11-19,2026-09-26
349935453943,2026-02-01,2026-02-01
349864591047,2026-08-26,2026-08-26
349908122345,2026-09-04,2026-09-04
349913408210,2026-11-30,2026-09-26
349829960395,2026-11-01,2026-09-25
349889968871,2027-01-14,2026-09-22
349897214655,2026-06-22,2026-06-22
349868147408,2026-11-29,2026-09-09
349918935755,2026-08-13,2026-09-27
349935453942,2026-04-23,2026-04-23
349902450391,2026-10-27,2026-09-18
349904219873,2026-11-28,2026-09-17
349893561037,2026-08-26,2026-09-19
349801079511,2027-01-14,2026-09-16
349922548434,2026-01-12,2026-01-12
349938949837,2026-09-24,2026-09-17
349937152702,2026-10-20,2026-09-18
349915285202,2026-02-11,2026-02-11
349792135886,2027-01-25,2026-09-15
349893561038,2026-01-25,2026-01-25
349918935756,2026-07-20,2026-07-20
349922548433,2027-01-19,2026-09-17
349911644867,2026-11-07,2026-09-22
349897214656,2026-07-05,2026-07-05
349829960396,2026-03-01,2026-03-01
349937152703,2026-04-01,2026-04-01
349913408209,2026-12-17,2026-09-24
349846520527,2026-08-23,2026-08-23
349866418885,2026-10-09,2026-09-27
349893561039,2026-10-23,2026-09-15
349895226045,2026-01-18,2026-01-18
349868147409,2026-08-07,2026-08-07
349897214654,2026-01-17,2026-01-17
349902450390,2026-11-25,2026-09-25
349940738766,2026-11-20,2026-09-15
349792135885,2026-05-30,2026-05-30
349904219872,2026-09-08,2026-09-16
349808461551,2026-11-09,2026-09-27
349900674772,2026-04-22,2026-04-22
349844735736,2026-12-04,2026-09-26
349889968872,2026-06-17,2026-06-17
349904508634,2026-07-26,2026-07-26
349916960475,2026-05-23,2026-05-23
349904508633,2027-01-24,2026-09-26
349908122344,2026-11-09,2026-09-18
349801079512,2026-04-25,2026-04-25
349884480233,2026-12-08,2026-09-26
349884480234,2026-04-20,2026-04-20
349808461552,2026-11-19,2026-09-14
349898928849,2026-11-12,2026-09-16
349844735735,2026-12-30,2026-09-20
349802845932,2026-02-02,2026-02-02
349802845931,2027-01-16,2026-09-24
349888107228,2026-11-12,2026-09-16
349909910232,2026-11-07,2026-09-26
349900674771,2026-04-20,2026-04-20
