Deal Name,Days Since Update,Tier,Contract Status,Waiting On,Blocker,Amount,Last Contract Update
Starling Translate - 128x H100 SXM - 1-Month Reserved,14,ceo,Legal Review,customer legal,in legal review,175760.64,2026-09-14
Hollowpeak Materials - 32x H200 - 1-Month Reserved,12,ceo,Legal Review,customer legal,in legal review,60273.47,2026-09-16
Juniper Protein - 16x H100 SXM - On-Demand,10,ceo,Out for Signature,customer signatory,awaiting customer signature,24411.2,2026-09-18
Altitude Mapping - 64x H200 - 1-Month Reserved,9,head_of_gtm,Legal Review,customer legal,in legal review,118061.44,2026-09-19
Bramblecode - 256x H100 SXM - 3-Month Reserved,6,paused,Out for Signature,customer signatory,awaiting customer signature,999060.48,2026-09-22
Solace Biotech - 64x B200 - 12-Month Reserved,2,healthy,Legal Review,customer legal,in legal review,1661736.96,2026-09-26
Clearwater Climate AI - 32x H200 - On-Demand,2,healthy,Legal Review,customer legal,in legal review,65408.0,2026-09-26
Quartzbridge Labs - 16x H200 - 6-Month Reserved,1,healthy,Legal Review,customer legal,in legal review,166790.4,2026-09-27
Nightjar Video - 64x H100 SXM - 3-Month Reserved,1,healthy,Legal Review,customer legal,in legal review,249765.12,2026-09-27
Everfern Education AI - 16x B200 - On-Demand,1,healthy,Out for Signature,customer signatory,awaiting customer signature,43274.4,2026-09-27
